Fog executionTime (s),Cloud executionTime (s),m,n,Fog faster than Cloud ?
0.074253815,0.12358299,1000,10,TRUE
0.050923302,0.117343831,1100,10,TRUE
0.053859803,0.1155218,1200,10,TRUE
0.049160435,0.114223799,1300,10,TRUE
0.047722974,0.112812902,1400,10,TRUE
0.042913729,0.11362551,1500,10,TRUE
0.042342004,0.112895913,1600,10,TRUE
0.043558202,0.11647085,1700,10,TRUE
0.04103374,0.11296202,1800,10,TRUE
0.04236887,0.116374858,1900,10,TRUE
0.042098403,0.112630879,2000,10,TRUE
0.046728947,0.113538574,2100,10,TRUE
0.051921555,0.11659582,2200,10,TRUE
0.054197282,0.114617122,2300,10,TRUE
0.042127986,0.116533939,2400,10,TRUE
0.043876362,0.117480272,2500,10,TRUE
0.044473745,3.116940243,2600,10,
0.04230397,0.126361316,2700,10,TRUE
0.043586878,0.115318044,2800,10,TRUE
0.045263111,0.113326065,2900,10,TRUE
0.043594727,0.114119052,3000,10,TRUE
0.044220484,0.113562421,3100,10,TRUE
0.048509924,0.112299134,3200,10,TRUE
0.045093163,0.116990956,3300,10,TRUE
0.045968258,0.114377143,3400,10,TRUE
0.04568813,0.113534952,3500,10,TRUE
0.04743681,0.116187704,3600,10,TRUE
0.046155411,0.111916375,3700,10,TRUE
0.070926706,0.117194409,3800,10,TRUE
0.055526376,0.112845804,3900,10,TRUE
0.049001958,0.113719993,4000,10,TRUE
0.048902344,0.116198269,4100,10,TRUE
0.048987469,0.11294572,4200,10,TRUE
0.050235965,0.113135288,4300,10,TRUE
0.055923624,0.116747655,4400,10,TRUE
0.052549123,0.113198679,4500,10,TRUE
0.052256016,0.112784225,4600,10,TRUE
0.178552433,0.116806821,4700,10,FALSE
0.051977097,0.112770339,4800,10,TRUE
0.052029017,0.11197071,4900,10,TRUE
0.052979577,0.164371016,5000,10,TRUE
0.053805467,0.113577816,5100,10,TRUE
0.052850984,0.117861522,5200,10,TRUE
0.054862886,0.11770063,5300,10,TRUE
0.056218845,0.114776505,5400,10,TRUE
0.074456062,0.114096413,5500,10,TRUE
0.042182018,0.112716909,5600,10,TRUE
0.037329004,0.112221254,5700,10,TRUE
0.055745828,0.117512571,5800,10,TRUE
0.057211966,0.114618632,5900,10,TRUE
0.055874723,0.113238827,6000,10,TRUE
0.061097517,0.116779955,6100,10,TRUE
0.057492999,0.113457978,6200,10,TRUE
0.058600827,0.112889272,6300,10,TRUE
0.059314426,0.11280143,6400,10,TRUE
0.062183612,0.118558518,6500,10,TRUE
0.060906439,0.114122675,6600,10,TRUE
0.099131064,0.117326625,6700,10,TRUE
0.065836127,0.113685882,6800,10,TRUE
0.062603199,0.119244346,6900,10,TRUE
0.063342154,0.113420245,7000,10,TRUE
0.063068366,3.124326775,7100,10,
0.063718875,0.122041388,7200,10,TRUE
0.064173478,0.124015557,7300,10,TRUE
0.064611478,0.115845696,7400,10,TRUE
0.065263799,0.115227787,7500,10,TRUE
0.065451254,0.119356336,7600,10,TRUE
0.066285598,0.115384755,7700,10,TRUE
0.101580965,0.119352412,7800,10,TRUE
0.068869525,0.120702032,7900,10,TRUE
0.068803418,0.114966979,8000,10,TRUE
0.067095189,0.123185137,8100,10,TRUE
0.067320376,0.121698473,8200,10,TRUE
0.06928881,0.121261379,8300,10,TRUE
0.069051245,0.116002966,8400,10,TRUE
0.069903701,0.122464596,8500,10,TRUE
0.070260802,0.119927155,8600,10,TRUE
0.070307288,0.122511988,8700,10,TRUE
0.097371819,0.152058418,8800,10,TRUE
0.072661802,0.118168514,8900,10,TRUE
0.072780736,0.116791124,9000,10,TRUE
0.072589355,0.115245295,9100,10,TRUE
0.074373051,0.120231431,9200,10,TRUE
0.073960104,0.12399835,9300,10,TRUE
0.075890806,0.116299091,9400,10,TRUE
0.076208967,0.119506059,9500,10,TRUE
0.082091931,0.118497844,9600,10,TRUE
0.097529994,0.120297236,9700,10,TRUE
0.075965366,0.114273002,9800,10,TRUE
0.076480038,0.129413732,9900,10,TRUE
0.077433315,0.1311929,10000,10,TRUE
0.031596367,0.115951045,1000,20,TRUE
0.033498692,0.116172913,1100,20,TRUE
0.035356645,0.117325719,1200,20,TRUE
0.034560638,0.117851258,1300,20,TRUE
0.036200346,0.112125867,1400,20,TRUE
0.037029558,0.111854795,1500,20,TRUE
0.040270032,0.113592608,1600,20,TRUE
0.040806741,0.114463778,1700,20,TRUE
0.040332517,0.114263041,1800,20,TRUE
0.040663961,0.116723507,1900,20,TRUE
0.042515273,0.114621349,2000,20,TRUE
0.042711181,0.112687025,2100,20,TRUE
0.043794256,0.116251397,2200,20,TRUE
0.068388963,0.113223432,2300,20,TRUE
0.046409276,0.113111441,2400,20,TRUE
0.047091783,0.112619711,2500,20,TRUE
0.048459816,0.120521518,2600,20,TRUE
0.05079501,0.115174056,2700,20,TRUE
0.053167636,0.118564253,2800,20,TRUE
0.052942448,0.114636442,2900,20,TRUE
0.053012178,0.113749575,3000,20,TRUE
0.055645912,0.117938195,3100,20,TRUE
0.055318092,0.114606558,3200,20,TRUE
0.056713896,0.203813648,3300,20,TRUE
0.058756588,0.115477426,3400,20,TRUE
0.059833626,0.114906909,3500,20,TRUE
0.060185294,0.115746686,3600,20,TRUE
0.059154138,0.11494917,3700,20,TRUE
0.086886084,0.118384949,3800,20,TRUE
0.062190253,0.117391223,3900,20,TRUE
0.064972202,0.117796924,4000,20,TRUE
0.066081842,0.114312243,4100,20,TRUE
0.068541403,0.12255757,4200,20,TRUE
0.072269986,0.114621953,4300,20,TRUE
0.071247886,0.119028516,4400,20,TRUE
0.0716557,0.11812233,4500,20,TRUE
0.070887464,0.115934443,4600,20,TRUE
0.072542567,0.11442695,4700,20,TRUE
0.072141092,0.114850763,4800,20,TRUE
0.193183321,0.117936685,4900,20,FALSE
0.147657289,0.114677797,5000,20,FALSE
0.059243489,0.115882222,5100,20,TRUE
0.043128956,0.123439908,5200,20,TRUE
0.045407098,0.126579562,5300,20,TRUE
0.043587482,0.118594138,5400,20,TRUE
0.046181673,0.120604228,5500,20,TRUE
0.06259535,0.11486978,5600,20,TRUE
0.078953485,0.114323715,5700,20,TRUE
0.081639744,0.123088542,5800,20,TRUE
0.083252585,0.117690669,5900,20,TRUE
0.085270525,0.116378782,6000,20,TRUE
0.086599013,0.119589373,6100,20,TRUE
0.085943372,0.115264312,6200,20,TRUE
0.090073431,0.114592974,6300,20,TRUE
0.119097038,0.115775664,6400,20,FALSE
0.092211209,0.119324339,6500,20,TRUE
0.088795352,0.119985716,6600,20,TRUE
0.090710055,0.115609339,6700,20,TRUE
0.09174091,0.115862902,6800,20,TRUE
0.098959003,0.11727229,6900,20,TRUE
0.094697334,0.119970019,7000,20,TRUE
0.120971593,0.120401076,7100,20,FALSE
0.100466194,0.11763905,7200,20,TRUE
0.112581374,0.116324749,7300,20,TRUE
0.109724263,0.115965232,7400,20,TRUE
0.110995096,0.115622017,7500,20,TRUE
0.1019598,0.118492411,7600,20,TRUE
0.137468584,0.115849319,7700,20,FALSE
0.109095185,0.116585255,7800,20,TRUE
0.11705978,0.117125284,7900,20,TRUE
0.105361167,0.11584298,8000,20,TRUE
0.109227701,0.118560933,8100,20,TRUE
0.111147838,0.128352088,8200,20,TRUE
0.085016659,0.117570226,8300,20,TRUE
0.062424195,0.122422335,8400,20,TRUE
0.110235615,0.116647739,8500,20,TRUE
0.115556513,0.117116832,8600,20,TRUE
0.130918206,0.116825838,8700,20,FALSE
0.121188631,0.145534303,8800,20,TRUE
0.137333048,0.117690065,8900,20,FALSE
0.116174724,0.121747677,9000,20,TRUE
0.121502264,0.12426912,9100,20,TRUE
0.127415415,0.117386393,9200,20,FALSE
0.134274596,0.118928599,9300,20,FALSE
0.151084616,0.122123795,9400,20,FALSE
0.135025021,0.122080327,9500,20,FALSE
0.125705071,0.122469124,9600,20,FALSE
0.136016936,0.119247364,9700,20,FALSE
0.124838128,0.123387083,9800,20,FALSE
0.15512653,0.119546206,9900,20,FALSE
0.127273238,0.118198096,10000,20,FALSE
0.037229389,0.116178649,1000,30,TRUE
0.037535174,0.111182249,1100,30,TRUE
0.043738714,0.165876396,1200,30,TRUE
0.041261041,0.128411856,1300,30,TRUE
0.042528253,0.11270725,1400,30,TRUE
0.043383123,0.112478742,1500,30,TRUE
0.046784489,0.11630875,1600,30,TRUE
0.04848306,0.112936664,1700,30,TRUE
0.049236504,0.114333978,1800,30,TRUE
0.050216948,0.113553064,1900,30,TRUE
0.051821337,0.114420309,2000,30,TRUE
0.054965519,0.11288082,2100,30,TRUE
0.075238486,0.115002599,2200,30,TRUE
0.056550891,0.117779114,2300,30,TRUE
0.058365074,0.117659577,2400,30,TRUE
0.059103123,0.114997467,2500,30,TRUE
0.061157286,0.114423026,2600,30,TRUE
0.063142624,0.114094904,2700,30,TRUE
0.067934965,0.121686399,2800,30,TRUE
0.065409597,0.115251936,2900,30,TRUE
0.053330037,0.122185375,3000,30,TRUE
0.042239674,0.119685666,3100,30,TRUE
0.071645135,0.121875063,3200,30,TRUE
0.108719368,0.135742242,3300,30,TRUE
0.082771722,0.115118212,3400,30,TRUE
0.076271754,0.116346483,3500,30,TRUE
0.077431805,0.119481306,3600,30,TRUE
0.079424388,0.115612055,3700,30,TRUE
0.085120198,0.120173474,3800,30,TRUE
0.13287215,0.120071445,3900,30,FALSE
0.084619713,0.115226882,4000,30,TRUE
0.084581679,0.120592758,4100,30,TRUE
0.113052277,3.116961373,4200,30,
0.088511603,0.116808934,4300,30,TRUE
0.09143935,0.116221513,4400,30,TRUE
0.100351487,0.119570355,4500,30,TRUE
0.093526113,0.12133292,4600,30,TRUE
0.10122809,0.11785307,4700,30,TRUE
0.096311684,0.124986643,4800,30,TRUE
0.125280655,0.124759643,4900,30,FALSE
0.105264874,0.122247558,5000,30,TRUE
0.102429798,0.120411943,5100,30,TRUE
0.117019934,0.120137854,5200,30,TRUE
0.103816546,0.123873079,5300,30,TRUE
0.105145035,3.127203206,5400,30,
0.106904279,0.125151157,5500,30,TRUE
0.127609208,0.122444975,5600,30,FALSE
0.111131537,0.121441288,5700,30,TRUE
0.112859388,0.125478676,5800,30,TRUE
0.112992207,0.129195789,5900,30,TRUE
0.114355108,0.121525508,6000,30,TRUE
0.144746748,0.11768916,6100,30,FALSE
0.118927694,0.122524063,6200,30,TRUE
0.125048222,0.118489694,6300,30,FALSE
0.13127078,0.117907103,6400,30,FALSE
0.124522683,0.117947251,6500,30,FALSE
0.158338933,0.117652635,6600,30,FALSE
0.12714857,0.125660698,6700,30,FALSE
0.064597894,0.119321623,6800,30,TRUE
0.066060409,0.123028472,6900,30,TRUE
0.064621742,0.122822302,7000,30,TRUE
0.081318564,0.123288978,7100,30,TRUE
0.098004821,0.119563412,7200,30,TRUE
0.144710222,0.119596919,7300,30,FALSE
0.136715743,0.118598062,7400,30,FALSE
0.141182678,0.118856757,7500,30,FALSE
0.166419443,0.123820554,7600,30,FALSE
0.145225801,0.1205022,7700,30,FALSE
0.143386865,0.122980174,7800,30,FALSE
0.146781591,0.119727323,7900,30,FALSE
0.177003888,0.119532019,8000,30,FALSE
0.153340723,0.119296266,8100,30,FALSE
0.174009127,0.119947077,8200,30,FALSE
0.151548576,0.124420653,8300,30,FALSE
0.183275044,0.125060901,8400,30,FALSE
0.152964303,0.11975932,8500,30,FALSE
0.155710028,0.128855893,8600,30,FALSE
0.15735698,0.162423713,8700,30,TRUE
0.185162881,0.130209437,8800,30,FALSE
0.127473975,0.120377833,8900,30,FALSE
0.078529672,0.119602051,9000,30,TRUE
0.101587908,0.121450042,9100,30,TRUE
0.192438932,0.122012107,9200,30,FALSE
0.172713239,0.124128755,9300,30,FALSE
0.646188133,0.120865338,9400,30,FALSE
0.890023382,0.125882867,9500,30,
0.174645751,0.122008183,9600,30,FALSE
0.178094209,0.125484411,9700,30,FALSE
0.183687084,0.125122782,9800,30,FALSE
0.217994461,0.122193223,9900,30,FALSE
0.179964839,0.126052513,10000,30,FALSE
0.043698868,0.111596403,1000,40,TRUE
0.04185299,0.112178088,1100,40,TRUE
0.043376783,0.112297927,1200,40,TRUE
0.045437586,0.113346893,1300,40,TRUE
0.047689467,0.11276732,1400,40,TRUE
0.049621074,0.113112046,1500,40,TRUE
0.051036801,0.113121403,1600,40,TRUE
0.053288381,0.117343529,1700,40,TRUE
0.055914267,0.120699315,1800,40,TRUE
0.059408606,0.113964802,1900,40,TRUE
0.049995985,0.113691015,2000,40,TRUE
0.035353929,0.118408192,2100,40,TRUE
0.037053103,0.114689569,2200,40,TRUE
0.038209229,0.119036062,2300,40,TRUE
0.068445411,0.114012194,2400,40,TRUE
0.071154611,0.113969933,2500,40,TRUE
0.071814781,0.115610547,2600,40,TRUE
0.073872264,0.114832953,2700,40,TRUE
0.076901134,0.120896731,2800,40,TRUE
0.077766871,0.114661194,2900,40,TRUE
0.087098593,0.120456015,3000,40,TRUE
0.099608004,0.13357126,3100,40,TRUE
0.082333419,0.117136754,3200,40,TRUE
0.084910405,0.121847291,3300,40,TRUE
0.086224706,0.131382166,3400,40,TRUE
0.094016335,0.117224596,3500,40,TRUE
0.09091532,3.123408212,3600,40,
0.09402509,0.140600388,3700,40,TRUE
0.094992553,0.121517961,3800,40,TRUE
0.119177635,0.118967842,3900,40,FALSE
0.098943609,0.12155358,4000,40,TRUE
0.100390125,0.135034681,4100,40,TRUE
0.105304417,0.130425871,4200,40,TRUE
0.104823553,0.122049537,4300,40,TRUE
0.107974375,0.118805139,4400,40,TRUE
0.142052641,0.121066378,4500,40,FALSE
0.113111743,0.126373995,4600,40,TRUE
0.115625338,0.120395643,4700,40,TRUE
0.117011784,3.121224855,4800,40,
0.122290121,0.121789938,4900,40,FALSE
0.12014691,0.127185094,5000,40,TRUE
0.086795525,0.127139513,5100,40,TRUE
0.095551599,0.124496421,5200,40,TRUE
0.131105058,0.11976898,5300,40,FALSE
0.135794163,0.121058227,5400,40,FALSE
0.139949275,0.121504679,5500,40,FALSE
0.144053072,0.120827907,5600,40,FALSE
0.154267435,0.123925603,5700,40,FALSE
0.182337464,0.123986578,5800,40,FALSE
0.141653581,0.135085393,5900,40,FALSE
0.138561622,0.1221893,6000,40,FALSE
0.180350617,0.123819347,6100,40,FALSE
0.149247491,0.118158855,6200,40,FALSE
0.150220086,0.120637735,6300,40,FALSE
0.155784889,0.120629585,6400,40,FALSE
0.148628073,0.124247688,6500,40,FALSE
0.173376728,0.12004971,6600,40,FALSE
0.152744849,0.12427727,6700,40,FALSE
0.153733444,0.121945094,6800,40,FALSE
0.157284835,0.12166376,6900,40,FALSE
0.186676411,0.175362972,7000,40,FALSE
0.160061652,0.127486654,7100,40,FALSE
0.098888368,0.121098374,7200,40,TRUE
0.084548172,0.128239795,7300,40,TRUE
0.104903245,0.121380313,7400,40,TRUE
0.091059911,0.123055036,7500,40,TRUE
0.243601911,0.121357974,7600,40,FALSE
0.153193716,0.121754016,7700,40,FALSE
0.200272218,0.126164504,7800,40,FALSE
0.179464354,0.126512549,7900,40,FALSE
0.178716343,0.12360895,8000,40,FALSE
0.213916625,0.123560653,8100,40,FALSE
0.182209778,0.123778898,8200,40,FALSE
0.184787668,0.127217695,8300,40,FALSE
0.196072429,0.126898629,8400,40,FALSE
0.210766708,0.129179186,8500,40,FALSE
0.195893728,0.128322807,8600,40,FALSE
0.200104082,0.124682669,8700,40,FALSE
0.232860801,0.130018359,8800,40,FALSE
0.201001816,0.124978795,8900,40,FALSE
0.20192551,0.123682001,9000,40,FALSE
0.236387741,0.124077136,9100,40,FALSE
0.202523495,0.124554379,9200,40,FALSE
0.204229914,0.132058636,9300,40,FALSE
0.249157959,0.136232766,9400,40,FALSE
0.226367777,0.137526541,9500,40,FALSE
0.233423771,0.131123169,9600,40,FALSE
0.252330516,0.133884893,9700,40,FALSE
0.230259365,0.128082526,9800,40,FALSE
0.221883333,0.125414983,9900,40,FALSE
0.264337026,0.124899103,10000,40,FALSE
0.057938243,0.118571196,1000,50,TRUE
0.059880113,0.113488465,1100,50,TRUE
0.062278397,0.112180201,1200,50,TRUE
0.064542654,0.117286175,1300,50,TRUE
0.056565984,0.12170934,1400,50,TRUE
0.061551516,0.113273239,1500,50,TRUE
0.062234325,0.114521734,1600,50,TRUE
0.063173715,0.118594138,1700,50,TRUE
0.064903378,0.117657464,1800,50,TRUE
0.038524372,0.114373823,1900,50,TRUE
0.039903875,0.121547845,2000,50,TRUE
0.066191116,0.114197235,2100,50,TRUE
0.094099951,0.116061829,2200,50,TRUE
0.080263863,0.118278693,2300,50,TRUE
0.089603132,0.18135189,2400,50,TRUE
0.081859197,0.115286046,2500,50,TRUE
0.085531031,0.115738838,2600,50,TRUE
0.087236846,0.115361209,2700,50,TRUE
0.088961678,0.117266554,2800,50,TRUE
0.097455737,0.120386889,2900,50,TRUE
0.125913657,0.123243698,3000,50,FALSE
0.097932978,0.118816307,3100,50,TRUE
0.098475724,0.121766694,3200,50,TRUE
0.100608973,0.120044277,3300,50,TRUE
0.103957213,0.118727862,3400,50,TRUE
0.108640582,0.118544029,3500,50,TRUE
0.110700781,0.134025862,3600,50,TRUE
0.135770617,0.119102169,3700,50,FALSE
0.117104758,0.122083044,3800,50,TRUE
0.114902381,0.125526671,3900,50,TRUE
0.119136884,0.12744892,4000,50,TRUE
0.122853695,0.126125563,4100,50,TRUE
0.12265326,0.124170713,4200,50,TRUE
0.158190417,0.119825127,4300,50,FALSE
0.127428998,0.139434904,4400,50,TRUE
0.134778401,0.123711583,4500,50,FALSE
0.126781204,0.12352956,4600,50,FALSE
0.067682911,0.120391416,4700,50,TRUE
0.083554748,0.1202103,4800,50,TRUE
0.142149539,0.121568975,4900,50,FALSE
0.146154325,0.124680254,5000,50,FALSE
0.180450533,0.120920881,5100,50,FALSE
0.146835021,0.123980842,5200,50,FALSE
0.169499931,0.127320932,5300,50,FALSE
0.158898884,0.122458257,5400,50,FALSE
0.153826719,0.120867753,5500,50,FALSE
0.163691829,0.121356466,5600,50,FALSE
0.187611274,0.124747267,5700,50,FALSE
0.161014324,0.127541894,5800,50,FALSE
0.164026894,0.121230892,5900,50,FALSE
0.170299258,0.121482039,6000,50,FALSE
0.213873459,0.130578009,6100,50,FALSE
0.194075621,0.135588897,6200,50,FALSE
0.174630658,0.128436307,6300,50,FALSE
0.214333494,0.131023857,6400,50,FALSE
0.178127111,0.123825686,6500,50,FALSE
0.180347598,0.129021615,6600,50,FALSE
0.16411051,0.129340078,6700,50,FALSE
0.125699034,0.133308037,6800,50,TRUE
0.19199731,0.125273109,6900,50,FALSE
0.189569746,0.123776785,7000,50,FALSE
0.23534119,0.135029851,7100,50,FALSE
0.193841679,0.128283264,7200,50,FALSE
0.201630289,0.123798519,7300,50,FALSE
0.909079247,0.131692781,7400,50,
0.246862912,0.12573405,7500,50,FALSE
0.207814208,0.132317331,7600,50,FALSE
0.209757587,0.130551143,7700,50,FALSE
0.24337461,0.125288202,7800,50,FALSE
0.22778622,0.12875145,7900,50,FALSE
0.222512411,0.128880345,8000,50,FALSE
0.245343044,0.136699442,8100,50,FALSE
0.222119087,0.126263212,8200,50,FALSE
0.273200563,0.131757077,8300,50,FALSE
0.231674186,0.140874478,8400,50,FALSE
0.235886049,0.126437084,8500,50,FALSE
0.267955129,0.125589459,8600,50,FALSE
0.230761963,0.126147298,8700,50,FALSE
0.239351108,0.12713076,8800,50,FALSE
0.283780178,0.136038971,8900,50,FALSE
0.258260268,0.133058097,9000,50,FALSE
0.240885768,0.129052405,9100,50,FALSE
0.277704023,0.135865099,9200,50,FALSE
0.223085946,0.128119051,9300,50,FALSE
0.14237533,0.136963571,9400,50,FALSE
0.161115146,0.131482685,9500,50,FALSE
0.260145992,0.147294453,9600,50,FALSE
0.334961269,0.147979677,9700,50,FALSE
0.259300178,0.137213814,9800,50,FALSE
0.295559387,0.132850718,9900,50,FALSE
0.263969662,0.13687754,10000,50,FALSE
0.054512124,0.116955638,1000,60,TRUE
0.072965775,0.122262048,1100,60,TRUE
0.056202543,0.132326689,1200,60,TRUE
0.06050738,0.115616584,1300,60,TRUE
0.062390387,0.116095938,1400,60,TRUE
0.065615768,0.115696274,1500,60,TRUE
0.080274428,0.123086731,1600,60,TRUE
0.070605526,0.122772494,1700,60,TRUE
0.073567686,0.113892355,1800,60,TRUE
0.080064634,0.118391891,1900,60,TRUE
0.089197129,0.115485274,2000,60,TRUE
0.084409919,0.120059068,2100,60,TRUE
0.084988587,0.119291436,2200,60,TRUE
0.087820343,0.115606925,2300,60,TRUE
0.093340167,0.117262932,2400,60,TRUE
0.115116099,0.128849857,2500,60,TRUE
0.100329149,0.120459336,2600,60,TRUE
0.108684654,0.117303683,2700,60,TRUE
0.111395666,0.117096306,2800,60,TRUE
0.112997338,0.121501962,2900,60,TRUE
0.118282618,0.121130674,3000,60,TRUE
0.110711045,0.12125987,3100,60,TRUE
0.136473349,0.117671954,3200,60,FALSE
0.116750674,0.129268537,3300,60,TRUE
0.119068965,0.119115149,3400,60,TRUE
0.122291932,0.123017907,3500,60,TRUE
0.128440835,0.122171791,3600,60,FALSE
0.133181256,0.126760075,3700,60,FALSE
0.15418382,0.122733856,3800,60,FALSE
0.134322893,0.120222978,3900,60,FALSE
0.140293698,0.124409183,4000,60,FALSE
0.141113553,0.230198993,4100,60,TRUE
0.150303702,0.13260108,4200,60,FALSE
0.1649361,0.125001736,4300,60,FALSE
0.150938817,0.120140872,4400,60,FALSE
0.120616002,0.125165646,4500,60,TRUE
0.076627346,0.122931574,4600,60,TRUE
0.185942286,0.123227399,4700,60,FALSE
0.165455903,0.121534262,4800,60,FALSE
0.16984526,0.122622771,4900,60,FALSE
0.167199451,0.126383956,5000,60,FALSE
0.198573346,0.130825535,5100,60,FALSE
0.171188238,0.12242777,5200,60,FALSE
0.174241862,0.123515977,5300,60,FALSE
0.187244815,0.121990976,5400,60,FALSE
0.200962574,0.122015729,5500,60,FALSE
0.184807893,0.123102428,5600,60,FALSE
0.186067255,0.122984702,5700,60,FALSE
0.225563015,0.123332446,5800,60,FALSE
0.195833959,0.1229844,5900,60,FALSE
0.202701895,0.128304394,6000,60,FALSE
0.246071132,0.123564577,6100,60,FALSE
0.096594226,0.124979096,6200,60,TRUE
0.122858525,0.131977737,6300,60,TRUE
0.209944138,0.124105512,6400,60,FALSE
0.237334075,0.125091992,6500,60,FALSE
0.224808968,0.125184362,6600,60,FALSE
0.216828071,0.125984293,6700,60,FALSE
0.259726405,0.129850524,6800,60,FALSE
0.220285886,0.129480443,6900,60,FALSE
0.228756702,0.126026251,7000,60,FALSE
0.24316059,0.129707744,7100,60,FALSE
0.235395526,0.13635351,7200,60,FALSE
0.851208318,0.154432251,7300,60,
0.25352679,0.133080736,7400,60,FALSE
0.250293559,0.126878706,7500,60,FALSE
0.28233668,0.132713674,7600,60,FALSE
0.17317569,0.13506698,7700,60,FALSE
0.251445762,0.148970081,7800,60,FALSE
0.284113734,0.132866717,7900,60,FALSE
0.260717414,0.128849554,8000,60,FALSE
0.294585887,0.133597522,8100,60,FALSE
0.265905495,0.133720681,8200,60,FALSE
0.275873238,0.133496097,8300,60,FALSE
0.332296744,0.133833275,8400,60,FALSE
0.27843513,0.130228756,8500,60,FALSE
0.317965,0.133109112,8600,60,FALSE
0.287767154,0.137812101,8700,60,FALSE
0.343734549,0.137402477,8800,60,FALSE
0.295692507,0.134462051,8900,60,FALSE
0.293969185,0.129641034,9000,60,FALSE
0.328216492,0.135314204,9100,60,FALSE
0.303416219,0.135349823,9200,60,FALSE
0.320714951,0.133046928,9300,60,FALSE
0.302150516,0.135546637,9400,60,FALSE
0.341207069,0.138637992,9500,60,FALSE
0.31343407,0.13643622,9600,60,FALSE
0.596038199,0.137323389,9700,60,FALSE
0.311821832,0.136704876,9800,60,FALSE
0.36434258,0.141165774,9900,60,FALSE
0.331646837,3.144720788,10000,60,
0.064482584,0.127977479,1000,70,TRUE
0.060281587,0.117914045,1100,70,TRUE
0.063492782,0.113845868,1200,70,TRUE
0.065927289,0.115797097,1300,70,TRUE
0.072282061,0.12220077,1400,70,TRUE
0.109583897,0.120581891,1500,70,TRUE
0.078051525,0.115212996,1600,70,TRUE
0.082138418,0.115139643,1700,70,TRUE
0.090914414,0.120225091,1800,70,TRUE
0.088612726,0.118510522,1900,70,TRUE
0.092091973,0.118971162,2000,70,TRUE
0.097898566,0.119396484,2100,70,TRUE
0.109307694,0.120607549,2200,70,TRUE
0.100450195,0.120411038,2300,70,TRUE
0.12074399,0.122853694,2400,70,TRUE
0.108879656,0.118074032,2500,70,TRUE
0.101162888,0.121910682,2600,70,TRUE
0.10308061,0.117728703,2700,70,TRUE
0.117624561,0.118952748,2800,70,TRUE
0.199666685,0.123824479,2900,70,FALSE
0.161641289,0.125406229,3000,70,FALSE
0.129407091,0.120096197,3100,70,FALSE
0.132904752,0.128020946,3200,70,FALSE
0.134622943,0.123321579,3300,70,FALSE
0.139762725,0.125066033,3400,70,FALSE
0.166097055,0.120682109,3500,70,FALSE
0.141834395,0.130715959,3600,70,FALSE
0.146813286,0.123614686,3700,70,FALSE
0.160906259,0.12514995,3800,70,FALSE
0.152279683,0.190362432,3900,70,TRUE
0.181696916,0.121924567,4000,70,FALSE
0.158123102,0.121858158,4100,70,FALSE
0.167466899,0.121874458,4200,70,FALSE
0.168639629,0.12572107,4300,70,FALSE
0.194030644,0.12620616,4400,70,FALSE
0.172760631,0.121503774,4500,70,FALSE
0.192494776,0.122241823,4600,70,FALSE
0.142489132,0.121955659,4700,70,FALSE
0.10741533,0.143341285,4800,70,TRUE
0.092159288,0.124100078,4900,70,TRUE
0.195401091,0.123745995,5000,70,FALSE
0.236827552,0.141764062,5100,70,FALSE
0.198471619,0.124785906,5200,70,FALSE
0.20743326,0.125084144,5300,70,FALSE
0.20292648,0.129852336,5400,70,FALSE
0.227191555,0.124035479,5500,70,FALSE
0.211221009,0.128162217,5600,70,FALSE
0.215910717,0.126536396,5700,70,FALSE
0.24595582,0.130820705,5800,70,FALSE
0.222093428,0.126807164,5900,70,FALSE
0.221405488,0.12698164,6000,70,FALSE
0.249509023,0.136244539,6100,70,FALSE
0.235992304,0.133464401,6200,70,FALSE
0.286525903,0.126820749,6300,70,FALSE
0.252448242,0.127977177,6400,70,FALSE
0.185241666,0.127806022,6500,70,FALSE
0.234379462,0.128796125,6600,70,FALSE
0.267776729,0.128840197,6700,70,FALSE
0.263490911,0.133463194,6800,70,FALSE
0.288699301,0.136785775,6900,70,FALSE
0.260885249,0.137932544,7000,70,FALSE
0.325957065,0.13352417,7100,70,FALSE
0.272697361,0.130146952,7200,70,FALSE
0.269793461,0.133999902,7300,70,FALSE
0.307918773,0.133271814,7400,70,FALSE
0.291272965,0.133663025,7500,70,FALSE
0.859760334,0.128609576,7600,70,
0.292180056,0.130044319,7700,70,FALSE
0.343391031,0.142599311,7800,70,FALSE
0.288246509,3.139771781,7900,70,
0.308914611,0.18016286,8000,70,FALSE
0.338782222,0.14087478,8100,70,FALSE
0.312339222,0.136064328,8200,70,FALSE
0.338958508,0.132483354,8300,70,FALSE
0.305563354,0.136676803,8400,70,FALSE
0.303940551,0.135704812,8500,70,FALSE
0.270369412,0.135661645,8600,70,FALSE
0.355245102,0.13488043,8700,70,FALSE
0.325312894,0.133413387,8800,70,FALSE
0.362413992,0.135140936,8900,70,FALSE
0.333050792,0.137988388,9000,70,FALSE
0.922185134,0.144778745,9100,70,
0.338725773,0.138982415,9200,70,FALSE
0.31917999,0.138948607,9300,70,FALSE
0.342794856,0.135717792,9400,70,FALSE
0.377606642,0.135607613,9500,70,FALSE
0.344827586,0.137304673,9600,70,FALSE
0.369489608,0.140896816,9700,70,FALSE
0.398495103,0.136356831,9800,70,FALSE
0.360708781,0.141075216,9900,70,FALSE
0.899954298,0.135383934,10000,70,
0.038845854,0.161797351,1000,80,TRUE
0.037541514,0.122551834,1100,80,TRUE
0.038850985,0.114290208,1200,80,TRUE
0.078703242,0.114183047,1300,80,TRUE
0.077311967,0.115068103,1400,80,TRUE
0.080402115,0.118840457,1500,80,TRUE
0.085765576,0.114746017,1600,80,TRUE
0.089627884,0.123609554,1700,80,TRUE
0.09178649,0.115948027,1800,80,TRUE
0.095956999,0.120056955,1900,80,TRUE
0.132193266,0.118282316,2000,80,FALSE
0.113150985,0.118899319,2100,80,TRUE
0.106588835,0.127799682,2200,80,TRUE
0.115019201,0.121728056,2300,80,TRUE
0.123295619,0.125310842,2400,80,TRUE
0.120542951,0.118880302,2500,80,FALSE
0.121432233,0.122666239,2600,80,TRUE
0.161644912,0.119201482,2700,80,FALSE
0.147698041,0.120699013,2800,80,FALSE
0.134882241,0.121343485,2900,80,FALSE
0.142362954,0.127549742,3000,80,FALSE
0.141206526,0.130515826,3100,80,FALSE
0.146892072,0.121426497,3200,80,FALSE
0.17189097,0.124377488,3300,80,FALSE
0.152373259,0.125058787,3400,80,FALSE
0.075988911,0.1203724,3500,80,TRUE
0.137054129,0.125905809,3600,80,FALSE
0.167504934,0.127850094,3700,80,FALSE
0.19016894,0.129629563,3800,80,FALSE
0.170592969,0.125980368,3900,80,FALSE
0.175815763,0.123552804,4000,80,FALSE
0.18024074,0.122870297,4100,80,FALSE
0.221218938,0.12847887,4200,80,FALSE
0.186278558,0.128298357,4300,80,FALSE
0.192059795,0.123086732,4400,80,FALSE
0.195827319,0.128843517,4500,80,FALSE
0.23467921,0.13204626,4600,80,FALSE
0.201945734,0.127573891,4700,80,FALSE
0.22865407,0.129409204,4800,80,FALSE
0.216472178,0.128302885,4900,80,FALSE
0.249510533,0.132066484,5000,80,FALSE
0.121700888,0.131687951,5100,80,TRUE
0.230764075,0.127443185,5200,80,FALSE
0.267600141,0.126443724,5300,80,FALSE
0.257994027,0.125640171,5400,80,FALSE
0.243167835,0.131417785,5500,80,FALSE
0.246060264,0.130628721,5600,80,FALSE
0.267300091,0.128918379,5700,80,FALSE
0.244369241,0.128481586,5800,80,FALSE
0.249825072,0.134648601,5900,80,FALSE
0.291642744,0.132109047,6000,80,FALSE
0.262129821,0.129914217,6100,80,FALSE
0.270183163,0.128828726,6200,80,FALSE
0.247575303,0.132525011,6300,80,FALSE
0.141026012,0.130813158,6400,80,FALSE
0.255528429,0.129199109,6500,80,FALSE
0.302028866,0.131003331,6600,80,FALSE
0.285810493,0.13763008,6700,80,FALSE
0.327659559,0.142002834,6800,80,FALSE
0.288869248,0.131540643,6900,80,FALSE
0.301695914,0.135158746,7000,80,FALSE
0.340752467,0.132632171,7100,80,FALSE
0.312958036,0.135930905,7200,80,FALSE
0.306317402,0.133198462,7300,80,FALSE
0.328378289,0.135687605,7400,80,FALSE
0.321485903,0.136103268,7500,80,FALSE
0.266567476,0.133792222,7600,80,FALSE
0.325369946,0.137682,7700,80,FALSE
0.949656271,0.21416083,7800,80,
0.338966356,0.13446205,7900,80,FALSE
0.332676484,0.139910637,8000,80,FALSE
0.367012841,3.133883685,8100,80,
0.336541509,0.141037785,8200,80,FALSE
0.357104262,0.160177567,8300,80,FALSE
0.340752768,0.138638898,8400,80,FALSE
0.389965123,0.145332962,8500,80,FALSE
0.353346699,0.151228905,8600,80,FALSE
0.399260925,0.143276083,8700,80,FALSE
0.354218474,0.136187487,8800,80,FALSE
0.412370434,0.136425051,8900,80,FALSE
0.36716679,0.136119568,9000,80,FALSE
0.40769763,0.138514833,9100,80,FALSE
0.241820329,0.144799272,9200,80,FALSE
0.406770616,0.139708089,9300,80,FALSE
0.387896773,0.144795348,9400,80,FALSE
0.422543443,0.142376538,9500,80,FALSE
0.392366425,0.142923509,9600,80,FALSE
0.424178018,0.148298743,9700,80,FALSE
0.403234921,0.15160925,9800,80,FALSE
0.436665997,0.144867492,9900,80,FALSE
1.059374798,0.1449499,10000,80,
0.069469323,0.11753189,1000,90,TRUE
0.079980415,0.114218968,1100,90,TRUE
0.078126991,0.121085998,1200,90,TRUE
0.080792119,0.119506663,1300,90,TRUE
0.083726205,0.117202258,1400,90,TRUE
0.088149069,0.126214612,1500,90,TRUE
0.092218755,0.119554659,1600,90,TRUE
0.09601737,0.117227614,1700,90,TRUE
0.101711369,0.122402111,1800,90,TRUE
0.106848133,0.123951864,1900,90,TRUE
0.120078388,0.119938324,2000,90,FALSE
0.13567855,0.12358299,2100,90,FALSE
0.124097361,0.122039275,2200,90,FALSE
0.127239731,0.130514619,2300,90,TRUE
0.135313298,0.120251655,2400,90,FALSE
0.153612095,0.120224488,2500,90,FALSE
0.140111676,0.123673548,2600,90,FALSE
0.139038864,0.128368992,2700,90,FALSE
0.169502648,0.130237209,2800,90,FALSE
0.099218302,0.122410261,2900,90,TRUE
0.078200343,0.121336845,3000,90,TRUE
0.085564235,0.126037722,3100,90,TRUE
0.07802647,0.127544007,3200,90,TRUE
0.157115794,0.121258059,3300,90,FALSE
0.199914815,0.125498598,3400,90,FALSE
0.175546806,0.1310308,3500,90,FALSE
0.178034742,0.124753002,3600,90,FALSE
0.187063698,0.123637023,3700,90,FALSE
0.189989936,0.127397604,3800,90,FALSE
0.214304818,0.129139643,3900,90,FALSE
0.197295268,0.128175801,4000,90,FALSE
0.197751078,0.123831119,4100,90,FALSE
0.206189896,0.129455087,4200,90,FALSE
0.244448329,0.123882436,4300,90,FALSE
0.217105783,0.125523351,4400,90,FALSE
0.220227023,0.129738535,4500,90,FALSE
0.228264066,0.136789699,4600,90,FALSE
0.257703637,0.131081513,4700,90,FALSE
0.22996505,0.131814732,4800,90,FALSE
0.255847194,0.141700369,4900,90,FALSE
0.252951443,0.135092035,5000,90,FALSE
0.26075243,0.134155361,5100,90,FALSE
0.247277367,0.131559056,5200,90,FALSE
0.263147695,0.129412525,5300,90,FALSE
0.293299356,0.129209977,5400,90,FALSE
0.264542895,0.138397409,5500,90,FALSE
0.26507749,0.137194193,5600,90,FALSE
0.302410418,0.136462483,5700,90,FALSE
0.226106063,0.133977866,5800,90,FALSE
0.128183046,0.13142654,5900,90,TRUE
0.287651541,0.136248161,6000,90,FALSE
0.323661413,0.13509143,6100,90,FALSE
0.299489614,0.137057148,6200,90,FALSE
0.321663397,0.146699485,6300,90,FALSE
0.296948551,0.143804641,6400,90,FALSE
0.303673102,0.136357737,6500,90,FALSE
0.331214573,0.133239515,6600,90,FALSE
0.314007002,0.137466773,6700,90,FALSE
0.312026192,0.133800674,6800,90,FALSE
0.335184947,0.143212088,6900,90,FALSE
0.331084471,0.13388761,7000,90,FALSE
0.376343657,0.138195162,7100,90,FALSE
0.33450576,0.240968779,7200,90,FALSE
0.333113579,0.134945934,7300,90,FALSE
0.360112908,0.139549611,7400,90,FALSE
0.354320805,0.147580616,7500,90,FALSE
0.413249452,0.141222825,7600,90,FALSE
0.349436396,0.136211635,7700,90,FALSE
0.317368825,0.135265302,7800,90,FALSE
0.22206294,0.137624042,7900,90,FALSE
0.388432274,0.136814451,8000,90,FALSE
0.402563583,0.14683834,8100,90,FALSE
0.38987698,0.137888774,8200,90,FALSE
0.422962425,0.142184856,8300,90,FALSE
0.404722188,0.138288438,8400,90,FALSE
0.474153175,0.143242878,8500,90,FALSE
0.388851559,0.147851084,8600,90,FALSE
0.446474659,0.138852917,8700,90,FALSE
0.40750293,0.139744915,8800,90,FALSE
1.009024126,0.140181407,8900,90,
0.418658193,0.144900093,9000,90,FALSE
0.48388607,0.141548835,9100,90,FALSE
0.425665286,0.143767512,9200,90,FALSE
0.369846106,0.140757658,9300,90,FALSE
0.446532315,0.14116849,9400,90,FALSE
0.478092759,0.140890779,9500,90,FALSE
0.442977603,0.154639932,9600,90,FALSE
0.474638266,0.142318581,9700,90,FALSE
0.505061903,0.142606556,9800,90,FALSE
0.463772788,0.143157149,9900,90,FALSE
0.519928846,0.144792329,10000,90,FALSE
0.067636727,0.11585445,1000,100,TRUE
0.045173458,0.11892709,1100,100,TRUE
0.044100645,0.117600412,1200,100,TRUE
0.086794318,0.128209006,1300,100,TRUE
0.090475509,0.117908009,1400,100,TRUE
0.099413303,0.115445127,1500,100,TRUE
0.103371603,0.116345578,1600,100,TRUE
0.104708242,0.116759126,1700,100,TRUE
0.112882631,0.119619559,1800,100,TRUE
0.140656233,0.119642803,1900,100,FALSE
0.120238675,0.137624646,2000,100,TRUE
0.124108529,0.123897831,2100,100,FALSE
0.130585253,0.122889616,2200,100,FALSE
0.141389453,0.122249068,2300,100,FALSE
0.145274703,0.119874027,2400,100,FALSE
0.141795758,0.119510285,2500,100,FALSE
0.182194986,0.123910207,2600,100,FALSE
0.154664684,0.121959282,2700,100,FALSE
0.165673545,0.122943951,2800,100,FALSE
0.160748687,0.126697287,2900,100,FALSE
0.166382011,0.123591443,3000,100,FALSE
0.173434384,0.130134274,3100,100,FALSE
0.207307988,0.12707733,3200,100,FALSE
0.18177208,0.136329059,3300,100,FALSE
0.188452559,0.130140914,3400,100,FALSE
0.193297123,0.132654207,3500,100,FALSE
0.199130279,0.129654315,3600,100,FALSE
0.227209968,0.132090331,3700,100,FALSE
0.205657111,0.131846126,3800,100,FALSE
0.21839503,0.132087917,3900,100,FALSE
0.214228145,0.130299995,4000,100,FALSE
0.238303651,0.135801407,4100,100,FALSE
0.224055825,0.144240829,4200,100,FALSE
0.226860111,0.134845112,4300,100,FALSE
0.270335603,0.139623266,4400,100,FALSE
0.240381661,0.133408557,4500,100,FALSE
0.16048969,0.135880797,4600,100,FALSE
0.238680373,3.135610933,4700,100,
0.275161752,0.165874584,4800,100,FALSE
0.260425515,0.129704122,4900,100,FALSE
0.261258349,0.1401965,5000,100,FALSE
0.294612149,0.130117973,5100,100,FALSE
0.279858403,0.136049537,5200,100,FALSE
0.292017957,0.13197502,5300,100,FALSE
0.887614232,0.130435531,5400,100,
0.299952669,0.136198353,5500,100,FALSE
0.300517449,0.131269874,5600,100,FALSE
0.344804343,0.136041387,5700,100,FALSE
0.314712149,0.136737477,5800,100,FALSE
0.313400564,0.138570376,5900,100,FALSE
0.362318001,0.131809903,6000,100,FALSE
0.328924054,0.136920707,6100,100,FALSE
0.323335102,0.133282681,6200,100,FALSE
0.342943975,0.133954624,6300,100,FALSE
0.339873146,0.142023964,6400,100,FALSE
0.263268137,0.136111418,6500,100,FALSE
0.261324456,0.136498102,6600,100,FALSE
0.352013985,0.140241477,6700,100,FALSE
0.379713933,0.142106071,6800,100,FALSE
0.36462965,0.136576283,6900,100,FALSE
0.482627311,0.143127265,7000,100,FALSE
0.371171877,0.137881228,7100,100,FALSE
0.413518712,0.138014046,7200,100,FALSE
0.397521603,0.139643792,7300,100,FALSE
0.483572136,0.141822623,7400,100,FALSE
0.389508408,0.142899059,7500,100,FALSE
0.403564854,0.155718782,7600,100,FALSE
0.42970056,0.141911974,7700,100,FALSE
0.398926463,0.143126661,7800,100,FALSE
0.418287508,0.143584886,7900,100,FALSE
0.401648945,0.140739849,8000,100,FALSE
0.369479043,0.1514876,8100,100,FALSE
0.21405216,0.144768784,8200,100,FALSE
0.22876274,0.145390315,8300,100,FALSE
0.191701789,0.146420566,8400,100,FALSE
0.450579965,0.149967429,8500,100,FALSE
0.433560454,0.150713026,8600,100,FALSE
0.451091619,0.143569793,8700,100,FALSE
0.517877701,0.148067518,8800,100,FALSE
0.458716621,0.142730922,8900,100,FALSE
1.100827521,0.145208293,9000,100,
0.454676215,0.145932759,9100,100,FALSE
0.513482912,0.143994813,9200,100,FALSE
0.469377738,0.14956837,9300,100,FALSE
0.506407296,0.146720917,9400,100,FALSE
0.445177865,0.150082438,9500,100,FALSE
0.223836674,0.145569017,9600,100,FALSE
0.47314828,0.147842632,9700,100,FALSE
0.517512752,0.15190296,9800,100,FALSE
0.546657406,0.158053373,9900,100,FALSE
1.194821821,0.147325243,10000,100,